run	sample_id	sample	replicate
ERR526291	ERS475105	HD-1	Run4
ERR527006	ERS475208	HV1	Run4
ERR527007	ERS475209	HV10	Run4
ERR527008	ERS475210	HV11	Run1
ERR527009	ERS475211	HV11	Run4
ERR527010	ERS475212	HV12	Run3
ERR527011	ERS475213	HV13	Run3
ERR527012	ERS475214	HV13	Run4
ERR527013	ERS475215	HV14	Run3
ERR527014	ERS475216	HV14	Run4
ERR527015	ERS475217	HV15	Run3
ERR527016	ERS475218	HV15	Run5
ERR527017	ERS475219	HV16	Run3
ERR527018	ERS475220	HV17	Run3
ERR527019	ERS475221	HV18	Run3
ERR527020	ERS475222	HV18	Run4
ERR527021	ERS475223	HV19	Run3
ERR527022	ERS475224	HV19	Run4
ERR527023	ERS475225	HV2	Run4
ERR527024	ERS475226	HV20	Run5
ERR527025	ERS475227	HV20	Run6
ERR527026	ERS475228	HV21	Run4
ERR527027	ERS475229	HV22	Run5
ERR527028	ERS475230	HV23	Run4
ERR527029	ERS475231	HV24	Run4
ERR527030	ERS475232	HV25	Run6
ERR527031	ERS475233	HV26	Run6
ERR527032	ERS475234	HV27	Run6
ERR527033	ERS475235	HV28	Run6
ERR527034	ERS475236	HV29	Run6
ERR527035	ERS475237	HV3	Run4
ERR527036	ERS475238	HV30	Run6
ERR527037	ERS475239	HV31	Run6
ERR527038	ERS475240	HV4	Run1
ERR527039	ERS475241	HV4	Run4
ERR527040	ERS475242	HV5	Run4
ERR527041	ERS475243	HV6	Run4
ERR527042	ERS475244	HV7	Run4
ERR527043	ERS475245	HV8	Run2
ERR527044	ERS475246	HV8	Run4
ERR527045	ERS475247	HV9	Run1
ERR527046	ERS475106	HD-10	Run1
ERR527047	ERS475107	HD-11	Run1
ERR527048	ERS475108	HD-12	Run1
ERR527049	ERS475109	HD-13	Run1
ERR527050	ERS475110	HD-13	Run5
ERR527051	ERS475111	HD-14	Run1
ERR527052	ERS475112	HD-15	Run1
ERR527053	ERS475113	HD-15	Run5
ERR527054	ERS475114	HD-16	Run1
ERR527055	ERS475115	HD-16	Run5
ERR527056	ERS475116	HD-17	Run1
ERR527057	ERS475117	HD-17	Run5
ERR527058	ERS475118	HD-18	Run1
ERR527059	ERS475119	HD-18	Run4
ERR527060	ERS475120	HD-19	Run1
ERR527061	ERS475121	HD-19	Run4
ERR527062	ERS475122	HD-2	Run4
ERR527063	ERS475123	HD-20	Run1
ERR527064	ERS475124	HD-21	Run1
ERR527065	ERS475125	HD-22	Run1
ERR527066	ERS475126	HD-23	Run5
ERR527067	ERS475127	HD-24	Run6
ERR527068	ERS475128	HD-25	Run1
ERR527069	ERS475129	HD-25	Run5
ERR527070	ERS475130	HD-26	Run1
ERR527071	ERS475131	HD-27	Run1
ERR527072	ERS475132	HD-28	Run1
ERR527073	ERS475133	HD-29	Run1
ERR527074	ERS475134	HD-3	Run4
ERR527075	ERS475135	HD-3	Run6
ERR527076	ERS475136	HD-30	Run1
ERR527077	ERS475137	HD-31	Run1
ERR527078	ERS475138	HD-32	Run1
ERR527079	ERS475139	HD-33	Run1
ERR527080	ERS475140	HD-34	Run1
ERR527081	ERS475141	HD-35	Run1
ERR527082	ERS475142	HD-36	Run5
ERR527083	ERS475143	HD-37	Run3
ERR527084	ERS475144	HD-37	Run5
ERR527085	ERS475145	HD-38	Run5
ERR527086	ERS475146	HD-39	Run3
ERR527087	ERS475147	HD-39	Run4
ERR527088	ERS475148	HD-4	Run1
ERR527089	ERS475149	HD-40	Run3
ERR527090	ERS475150	HD-41	Run3
ERR527091	ERS475151	HD-42	Run3
ERR527092	ERS475152	HD-43	Run3
ERR527093	ERS475153	HD-43	Run5
ERR527094	ERS475154	HD-44	Run3
ERR527095	ERS475155	HD-44	Run5
ERR527096	ERS475156	HD-45	Run3
ERR527097	ERS475157	HD-45	Run5
ERR527098	ERS475158	HD-46	Run3
ERR527099	ERS475159	HD-47	Run3
ERR527100	ERS475160	HD-47	Run4
ERR527101	ERS475161	HD-48	Run3
ERR527102	ERS475162	HD-49	Run3
ERR527103	ERS475163	HD-49	Run5
ERR527104	ERS475164	HD-5	Run1
ERR527105	ERS475165	HD-50	Run5
ERR527106	ERS475166	HD-51	Run3
ERR527107	ERS475167	HD-52	Run3
ERR527108	ERS475168	HD-53	Run3
ERR527109	ERS475169	HD-54	Run4
ERR527110	ERS475170	HD-54	Run6
ERR527111	ERS475171	HD-55	Run4
ERR527112	ERS475172	HD-55	Run6
ERR527113	ERS475173	HD-56	Run4
ERR527114	ERS475174	HD-57	Run4
ERR527115	ERS475175	HD-57	Run6
ERR527116	ERS475176	HD-58	Run5
ERR527117	ERS475177	HD-59	Run4
ERR527118	ERS475178	HD-59	Run6
ERR527119	ERS475179	HD-6	Run1
ERR527120	ERS475180	HD-6	Run2
ERR527121	ERS475181	HD-60	Run5
ERR527122	ERS475182	HD-61	Run5
ERR527123	ERS475183	HD-62	Run5
ERR527124	ERS475184	HD-63	Run5
ERR527125	ERS475185	HD-64	Run5
ERR527126	ERS475186	HD-65	Run6
ERR527127	ERS475187	HD-66	Run6
ERR527128	ERS475188	HD-67	Run6
ERR527129	ERS475189	HD-68	Run6
ERR527130	ERS475190	HD-69	Run6
ERR527131	ERS475192	HD-70	Run6
ERR527132	ERS475193	HD-71	Run6
ERR527133	ERS475194	HD-72	Run6
ERR527134	ERS475195	HD-73	Run6
ERR527135	ERS475196	HD-74	Run6
ERR527136	ERS475197	HD-75	Run6
ERR527137	ERS475198	HD-76	Run6
ERR527138	ERS475199	HD-77	Run6
ERR527139	ERS475200	HD-78	Run6
ERR527140	ERS475248	LD-1	Run1
ERR527141	ERS475249	LD-10	Run1
ERR527142	ERS475250	LD-10	Run5
ERR527143	ERS475251	LD-11	Run4
ERR527144	ERS475252	LD-12	Run2
ERR527145	ERS475253	LD-13	Run2
ERR527146	ERS475254	LD-13	Run5
ERR527147	ERS475255	LD-14	Run2
ERR527148	ERS475256	LD-15	Run2
ERR527149	ERS475257	LD-16	Run2
ERR527150	ERS475258	LD-17	Run2
ERR527151	ERS475259	LD-18	Run3
ERR527152	ERS475260	LD-18	Run5
ERR527153	ERS475261	LD-19	Run2
ERR527154	ERS475262	LD-2	Run1
ERR527155	ERS475263	LD-2	Run5
ERR527156	ERS475264	LD-20	Run2
ERR527157	ERS475265	LD-21	Run2
ERR527158	ERS475266	LD-21	Run5
ERR527159	ERS475267	LD-22	Run5
ERR527160	ERS475268	LD-23	Run4
ERR527161	ERS475269	LD-24	Run3
ERR527162	ERS475270	LD-24	Run5
ERR527163	ERS475271	LD-25	Run3
ERR527164	ERS475272	LD-25	Run5
ERR527165	ERS475273	LD-26	Run2
ERR527166	ERS475274	LD-27	Run2
ERR527167	ERS475275	LD-27	Run3
ERR527168	ERS475276	LD-27	Run4
ERR527169	ERS475277	LD-28	Run3
ERR527170	ERS475278	LD-28	Run5
ERR527171	ERS475279	LD-29	Run2
ERR527172	ERS475280	LD-3	Run5
ERR527173	ERS475281	LD-30	Run2
ERR527174	ERS475282	LD-30	Run3
ERR527175	ERS475283	LD-30	Run5
ERR527176	ERS475284	LD-31	Run2
ERR527177	ERS475285	LD-31	Run3
ERR527178	ERS475286	LD-31	Run4
ERR527179	ERS475287	LD-32	Run2
ERR527180	ERS475288	LD-32	Run5
ERR527181	ERS475289	LD-33	Run2
ERR527182	ERS475290	LD-34	Run2
ERR527183	ERS475291	LD-35	Run3
ERR527184	ERS475292	LD-36	Run2
ERR527185	ERS475293	LD-36	Run3
ERR527186	ERS475294	LD-36	Run5
ERR527187	ERS475295	LD-37	Run2
ERR527188	ERS475296	LD-38	Run2
ERR527189	ERS475297	LD-39	Run2
ERR527190	ERS475298	LD-4	Run1
ERR527191	ERS475299	LD-40	Run2
ERR527192	ERS475300	LD-40	Run3
ERR527193	ERS475301	LD-40	Run4
ERR527194	ERS475302	LD-41	Run2
ERR527195	ERS475303	LD-42	Run2
ERR527196	ERS475304	LD-43	Run5
ERR527197	ERS475305	LD-44	Run2
ERR527198	ERS475306	LD-45	Run2
ERR527199	ERS475307	LD-46	Run2
ERR527200	ERS475308	LD-47	Run2
ERR527201	ERS475309	LD-47	Run3
ERR527202	ERS475310	LD-48	Run2
ERR527203	ERS475311	LD-48	Run5
ERR527204	ERS475312	LD-49	Run2
ERR527205	ERS475313	LD-49	Run5
ERR527206	ERS475314	LD-5	Run1
ERR527207	ERS475315	LD-50	Run4
ERR527208	ERS475316	LD-51	Run3
ERR527209	ERS475317	LD-52	Run3
ERR527210	ERS475318	LD-53	Run3
ERR527211	ERS475319	LD-54	Run3
ERR527212	ERS475320	LD-55	Run3
ERR527213	ERS475321	LD-55	Run4
ERR527214	ERS475322	LD-56	Run3
ERR527215	ERS475323	LD-56	Run4
ERR527216	ERS475324	LD-57	Run5
ERR527217	ERS475325	LD-58	Run3
ERR527218	ERS475326	LD-59	Run3
ERR528291	ERS475379	LV1	Run1
ERR528292	ERS475380	LV1	Run6
ERR528293	ERS475381	LV10	Run2
ERR528294	ERS475382	LV10	Run5
ERR528295	ERS475383	LV11	Run4
ERR528296	ERS475384	LV12	Run2
ERR528297	ERS475385	LV13	Run3
ERR528298	ERS475386	LV13	Run5
ERR528299	ERS475387	LV14	Run3
ERR528300	ERS475388	LV14	Run4
ERR528301	ERS475389	LV15	Run3
ERR528302	ERS475390	LV15	Run4
ERR528303	ERS475391	LV16	Run4
ERR528304	ERS475392	LV17	Run4
ERR528305	ERS475393	LV18	Run4
ERR528306	ERS475394	LV18	Run6
ERR528307	ERS475395	LV19	Run4
ERR528308	ERS475396	LV2	Run4
ERR528309	ERS475397	LV2	Run6
ERR528310	ERS475398	LV20	Run4
ERR528311	ERS475399	LV21	Run4
ERR528312	ERS475400	LV22	Run6
ERR528313	ERS475401	LV23	Run6
ERR528314	ERS475402	LV24	Run6
ERR528315	ERS475403	LV25	Run2
ERR528316	ERS475404	LV25	Run3
ERR528317	ERS475405	LV25	Run6
ERR528318	ERS475406	LV3	Run4
ERR528319	ERS475407	LV3	Run6
ERR528320	ERS475408	LV4	Run3
ERR528321	ERS475409	LV4	Run5
ERR528322	ERS475410	LV5	Run3
ERR528323	ERS475411	LV5	Run5
ERR528324	ERS475412	LV6	Run2
ERR528325	ERS475413	LV7	Run2
ERR528326	ERS475414	LV7	Run5
ERR528327	ERS475415	LV8	Run5
ERR528328	ERS475416	LV9	Run2
ERR528329	ERS475105	HD-1	Run4
ERR528330	ERS475191	HD-7	Run1
ERR528331	ERS475201	HD-79	Run6
ERR528332	ERS475202	HD-8	Run1
ERR528333	ERS475203	HD-80	Run6
ERR528334	ERS475204	HD-81	Run6
ERR528335	ERS475205	HD-82	Run6
ERR528336	ERS475206	HD-83	Run6
ERR528337	ERS475207	HD-9	Run1
ERR528721	ERS475327	LD-6	Run1
ERR528722	ERS475328	LD-6	Run5
ERR528723	ERS475329	LD-60	Run3
ERR528724	ERS475330	LD-61	Run3
ERR528725	ERS475331	LD-62	Run3
ERR528726	ERS475332	LD-63	Run3
ERR528727	ERS475333	LD-64	Run3
ERR528728	ERS475334	LD-64	Run5
ERR528729	ERS475335	LD-65	Run3
ERR528730	ERS475336	LD-65	Run4
ERR528731	ERS475337	LD-65	Run6
ERR528732	ERS475338	LD-66	Run3
ERR528733	ERS475339	LD-67	Run3
ERR528734	ERS475340	LD-67	Run4
ERR528735	ERS475341	LD-68	Run5
ERR528736	ERS475342	LD-69	Run3
ERR528737	ERS475343	LD-7	Run1
ERR528738	ERS475344	LD-70	Run3
ERR528739	ERS475345	LD-70	Run4
ERR528740	ERS475346	LD-71	Run3
ERR528741	ERS475347	LD-71	Run4
ERR528742	ERS475348	LD-72	Run3
ERR528743	ERS475349	LD-73	Run3
ERR528744	ERS475350	LD-74	Run3
ERR528745	ERS475351	LD-75	Run3
ERR528746	ERS475352	LD-76	Run3
ERR528747	ERS475353	LD-77	Run4
ERR528748	ERS475354	LD-78	Run4
ERR528749	ERS475355	LD-79	Run4
ERR532377	ERS475204	HD-81	Run6
ERR532378	ERS475356	LD-8	Run1
ERR532379	ERS475357	LD-80	Run4
ERR532380	ERS475358	LD-81	Run4
ERR532381	ERS475359	LD-82	Run4
ERR532382	ERS475360	LD-83	Run4
ERR532383	ERS475361	LD-84	Run4
ERR532384	ERS475362	LD-85	Run4
ERR532385	ERS475363	LD-86	Run4
ERR532386	ERS475364	LD-87	Run4
ERR532387	ERS475365	LD-87	Run6
ERR532388	ERS475366	LD-88	Run4
ERR532389	ERS475367	LD-89	Run6
ERR532390	ERS475369	LD-90	Run6
ERR532391	ERS475370	LD-91	Run6
ERR532392	ERS475371	LD-92	Run6
ERR532393	ERS475372	LD-93	Run3
ERR532394	ERS475373	LD-94	Run3
ERR532618	ERS475368	LD-9	Run1
ERR532619	ERS475374	LD-95	Run4
ERR532620	ERS475375	LD-96	Run2
ERR532621	ERS475376	LD-97	Run2
ERR532622	ERS475377	LD-98	Run3
ERR532623	ERS475378	LD-98	Run5
